{"0.1": {"entropy": {"0": 6.663150173606261, "1": 3.149370259098378}, "max_life_prob": {"0": 0.05566020290590385, "1": 0.2649641545524169}}, "0.2": {"entropy": {"0": 6.826673877537323, "1": 3.371389982289178}, "max_life_prob": {"0": 0.03560108995143033, "1": 0.2037196525160138}}, "0.3": {"entropy": {"0": 6.878905903750224, "1": 3.260835051502299}, "max_life_prob": {"0": 0.029781058893080317, "1": 0.2297948442355225}}, "0.4": {"entropy": {"0": 6.8928912743843815, "1": 2.9917735629779303}, "max_life_prob": {"0": 0.027343889573509285, "1": 0.24234164702825955}}, "0.5": {"entropy": {"0": 6.899597985706456, "1": 2.8070347147007477}, "max_life_prob": {"0": 0.02677902017392548, "1": 0.23408077056069151}}, "0.6": {"entropy": {"0": 6.987496837004357, "1": 3.3602747392097765}, "max_life_prob": {"0": 0.02434475679392184, "1": 0.1761402093517942}}, "0.7": {"entropy": {"0": 7.030206377453216, "1": 3.8813807621571255}, "max_life_prob": {"0": 0.022931057090325044, "1": 0.12132841177518808}}, "0.8": {"entropy": {"0": 7.020073195027722, "1": 3.93759419522622}, "max_life_prob": {"0": 0.023467505756547217, "1": 0.12243627014894502}}, "0.9": {"entropy": {"0": 7.013987680864645, "1": 3.9021720089387792}, "max_life_prob": {"0": 0.023626013530363785, "1": 0.1330208329462384}}, "0.95": {"entropy": {"0": 7.010838374287998, "1": 3.913869827964454}, "max_life_prob": {"0": 0.023890393262376387, "1": 0.1395047025952477}}, "0.99": {"entropy": {"0": 7.010403581851516, "1": 3.7944448218143005}, "max_life_prob": {"0": 0.02357892204650305, "1": 0.1506744121073272}}}