{"0.1": [[1, [126.22466722700742, 131.85181162308666]], [1, [24.010246120255715, 28.676148657399956]], [1, [52.03837469654903, 54.78125166042271]], [1, [38.686190496026626, 40.348644336791764]], [1, [38.55222663661495, 40.14791697733738]], [1, [26.8191178214155, 28.13932291820107]], [1, [46.07457894317565, 47.25666802077366]], [1, [116.88631199053464, 117.81090881152208]], [1, [27.40331708104015, 28.285450589644913]], [1, [132.5666486472092, 133.227686237623]], [1, [29.866907149234674, 30.504278979289666]], [1, [35.26137668465108, 35.824166310160464]], [1, [23.296768743527043, 23.801387276276763]], [1, [47.16628841713015, 47.45234782295552]], [1, [114.06646961111267, 114.28204663320827]], [1, [26.28016175838396, 26.481529948172955]], [1, [27.3709329415705, 27.57006216872955]]], "0.2": [[1, [145.83606971101403, 149.6001295626315]], [1, [33.565145170392476, 36.39102815650753]], [1, [56.58919679555399, 59.02942932500629]], [1, [35.49431900949584, 37.49678463842265]], [1, [153.1496916007402, 154.78942135372364]], [1, [50.38484693791335, 51.94618625270608]], [1, [66.07658887928626, 67.26204057202627]], [1, [32.33651192114637, 33.07807875769352]], [1, [49.03676719042119, 49.740322898507344]], [1, [155.38605482105763, 156.02831330346714]], [1, [142.23351241124539, 142.5571148702579]], [1, [39.683368050932216, 39.93793757047623]], [1, [153.69407386401653, 153.8851919897002]], [1, [34.39923793066397, 34.58260430347011]], [1, [49.723502735626425, 49.90327002421756]], [1, [154.16377811673385, 154.18661961043304]], [1, [151.3731082921983, 151.38980090435982]]], "0.3": [[1, [159.86668861102504, 164.74951444564454]], [1, [65.48890882676183, 68.84413991293226]], [1, [169.63134300457264, 172.5375592243306]], [1, [41.145842767561035, 43.624772337550624]], [1, [43.76793126905406, 45.862210258820994]], [1, [159.67382085590134, 160.9554580233086]], [1, [59.622323859495474, 60.54635511086277]], [1, [39.44880176040553, 40.32798218690513]], [1, [170.8667362733752, 171.6972282104492]], [1, [76.02191331839572, 76.53821964943432]], [1, [161.76129949478494, 162.20893589285947]], [1, [61.28901446875121, 61.6609354958762]], [1, [41.92429763101593, 42.12830613102547]], [1, [169.99486799574098, 170.1516052328857]], [1, [159.17792220926452, 159.19330561623852]], [1, [160.76652073315165, 160.77555358567565]]], "0.4": [[1, [170.99890417269012, 175.56893751266307]], [1, [180.739441730699, 183.64456083567052]], [1, [47.4997383871095, 50.34836450454003]], [1, [73.8009924198078, 76.59587704816018]], [1, [51.03090360850828, 53.41736354687197]], [1, [182.53829879555462, 183.37211595760783]], [1, [47.23966563548606, 48.03413055008348]], [1, [172.83103853597407, 173.55603388226479]], [1, [172.60793831524236, 173.0701519067465]], [1, [69.15203551419557, 69.56149246614514]], [1, [49.12902397774529, 49.21884181001159]], [1, [170.95269975753723, 170.98085949087545]], [1, [170.6828225100051, 170.70716051719262]], [1, [182.0109546774054, 182.01259709767925]]], "0.5": [[1, [55.19778574969111, 58.29982467902724]], [1, [183.5139033296692, 186.330858731992]], [1, [60.92515678006486, 62.78189923609026]], [1, [192.08960315015997, 193.85906214122727]], [1, [83.13962661242734, 84.89355943941503]], [1, [184.626969615018, 185.68173597113486]], [1, [192.79438854290163, 193.62639417907178]], [1, [56.80578398901645, 57.313274163996105]], [1, [193.1159316541466, 193.30997261565597]], [1, [56.640555707369884, 56.77495362204792]]], "0.6": [[1, [76.35284878200899, 80.43244589349445]], [1, [201.69536043842322, 204.75879371959525]], [1, [103.19442509439598, 106.00662507164736]], [1, [194.8264389703515, 197.6162749757039]], [1, [96.52257716522818, 99.24664217664912]], [1, [78.97714025450938, 81.12415543270137]], [1, [203.35887918070654, 205.0050918254677]], [1, [195.90313978779835, 197.19539887874217]], [1, [94.93139917123636, 96.16324477232413]], [1, [93.53485276931964, 94.62696662139001]], [1, [76.31542732659247, 77.03623464911436]], [1, [195.92014009088734, 196.35072838676075]], [1, [79.47311027879763, 79.72472683412673]], [1, [77.22328333762655, 77.38135315463768]], [1, [204.0552343135015, 204.20886007554617]]], "0.7": [[1, [101.90694222296653, 106.79243410953016]], [1, [114.01509722408902, 118.87214514734912]], [1, [107.04114795528703, 111.86679626688742]], [1, [211.00397184117708, 215.44838563500468]], [1, [112.92260979484507, 116.64821513142027]], [1, [205.64022128367333, 208.4339974273086]], [1, [108.91051018179863, 111.35285479414662]], [1, [98.95111867890284, 101.08220146358438]], [1, [209.38694844814233, 210.98122527111357]], [1, [102.40254056106707, 103.88779188059569]], [1, [213.42393907341472, 214.73086835606682]], [1, [101.94902142002462, 103.24029019403486]], [1, [102.96293265048686, 104.12065269578457]], [1, [107.79785761579372, 108.81948922979598]], [1, [112.1575045614027, 113.1630810524168]], [1, [207.67102273834166, 208.56717220763454]], [1, [102.523964386274, 103.36073882228604]], [1, [101.45762400158401, 101.79953395133722]], [1, [99.80366995046047, 100.11932573941056]], [1, [207.91237604321145, 208.1441374968308]], [1, [102.49941660313795, 102.70841448947897]], [1, [99.35571094128316, 99.54660826613828]], [1, [210.89066151241826, 211.0159374766934]]], "0.8": [[1, [131.04662364923308, 136.48070211897988]], [1, [120.36094604887927, 125.27801996209209]], [1, [125.65686935581097, 130.52211372505784]], [1, [225.7351919763286, 229.4842711909526]], [1, [221.88680053186943, 225.46685700033692]], [1, [130.6463438931483, 134.1985163349685]], [1, [125.52659364683986, 128.8621332143915]], [1, [223.44766808572956, 225.96929885597882]], [1, [129.65359788521477, 131.58639213244695]], [1, [120.62004352191852, 122.50995644025352]], [1, [118.87465165834723, 120.70166321933198]], [1, [120.51420116756896, 122.26990499151515]], [1, [120.44902323696152, 122.14290453561856]], [1, [125.44256539625417, 126.89450571166986]], [1, [223.56744745015826, 224.64682834383166]], [1, [227.71503004554165, 228.68925241504928]], [1, [121.18519568989699, 121.99982290194123]], [1, [118.25827393990613, 118.72940693472435]], [1, [224.09782768020472, 224.45451322978377]], [1, [117.29891955964708, 117.64110470342166]], [1, [120.60812103758052, 120.90902480066606]], [1, [119.447574858605, 119.64309559348891]], [1, [225.85639346550556, 226.04853997806595]]], "0.9": [[1, [149.39853030165, 154.2698654693543]], [1, [134.4999670584469, 139.2390261770663]], [1, [145.06980967576698, 149.11753591875038]], [1, [244.4759700999477, 248.44021626187987]], [1, [147.88054793820498, 150.5608487504797]], [1, [245.77072653465737, 248.08233856584098]], [1, [144.18500867544884, 146.39628158433277]], [1, [243.43045492330668, 245.52292375807076]], [1, [136.1823483166914, 138.24794388209]], [1, [242.79340694518388, 244.24735052523658]], [1, [151.06274992923207, 152.39207214096717]], [1, [246.98119063068015, 248.2858927827079]], [1, [144.64849745425067, 145.6998494416422]], [1, [136.35217084881174, 137.32734073976482]], [1, [137.3914516004233, 138.351317323295]], [1, [138.0370943541338, 138.8868950570759]], [1, [133.5560488921555, 133.94850481435617]], [1, [243.5442414260569, 243.9282966053837]], [1, [134.30930813383057, 134.68980823585235]], [1, [135.62378764003853, 135.95816101412436]], [1, [145.01733727759762, 145.35150617982458]], [1, [138.05081474318638, 138.34838378429717]], [1, [133.42009342560402, 133.60299862644513]], [1, [244.6533178411942, 244.82079575821967]]],