{"0.1": {"entropy": {"0": 6.66315017483207, "1": 3.1493702592024864}, "max_life_prob": {"0": 0.05566020290590385, "1": 0.2649641545524169}}, "0.2": {"entropy": {"0": 6.826673878739701, "1": 3.371389982386489}, "max_life_prob": {"0": 0.03560108995143033, "1": 0.2037196525160138}}, "0.3": {"entropy": {"0": 6.878905904947135, "1": 3.2608350515950075}, "max_life_prob": {"0": 0.029781058893080317, "1": 0.2297948442355225}}, "0.4": {"entropy": {"0": 6.892891275580813, "1": 2.991773563063822}, "max_life_prob": {"0": 0.027343889573509285, "1": 0.24234164702825955}}, "0.5": {"entropy": {"0": 6.899597986902979, "1": 2.807034714761551}, "max_life_prob": {"0": 0.02677902017392548, "1": 0.23408077056069151}}, "0.6": {"entropy": {"0": 6.9874968381877345, "1": 3.360274739296511}, "max_life_prob": {"0": 0.02434475679392184, "1": 0.1761402093517942}}, "0.7": {"entropy": {"0": 7.030206378634715, "1": 3.8813807622824408}, "max_life_prob": {"0": 0.022931057090325044, "1": 0.12132841177518808}}, "0.8": {"entropy": {"0": 7.020073196210593, "1": 3.937594195354485}, "max_life_prob": {"0": 0.023467505756547217, "1": 0.12243627014894502}}, "0.9": {"entropy": {"0": 7.013987682046516, "1": 3.9021720090714624}, "max_life_prob": {"0": 0.023626013530363785, "1": 0.1330208329462384}}, "0.95": {"entropy": {"0": 7.010838375469678, "1": 3.913869828098949}, "max_life_prob": {"0": 0.023890393262376387, "1": 0.1395047025952477}}, "0.99": {"entropy": {"0": 7.010403583032865, "1": 3.7944448219355986}, "max_life_prob": {"0": 0.02357892204650305, "1": 0.1506744121073272}}}