{"0.1": {"entropy": {"0": 6.931860198519573, "1": 3.576617644908666}, "max_life_prob": {"0": 0.01205775027764557, "1": 0.21052631578947367}}, "0.2": {"entropy": {"0": 6.838515749829062, "1": 1.4320062125405801}, "max_life_prob": {"0": 0.017846862406447894, "1": 0.6818181818181819}}, "0.3": {"entropy": {"0": 6.786154077463024, "1": 0.9132829641650988}, "max_life_prob": {"0": 0.020589422688736373, "1": 0.7894736842105263}}, "0.4": {"entropy": {"0": 6.713933626023922, "1": 0.968270247409618}, "max_life_prob": {"0": 0.022222222222222223, "1": 0.7777777777777779}}, "0.5": {"entropy": {"0": 6.625917896704433, "1": 1.7368553428576994}, "max_life_prob": {"0": 0.02764976958525344, "1": 0.6296296296296295}}, "0.6": {"entropy": {"0": 6.635904185645617, "1": 0.6962122601251458}, "max_life_prob": {"0": 0.02716049382716044, "1": 0.8125}}, "0.7": {"entropy": {"0": 6.626582190264585, "1": 1.377890331883215}, "max_life_prob": {"0": 0.026290165530671854, "1": 0.6666666666666667}}, "0.8": {"entropy": {"0": 6.626582190264585, "1": 1.377890331883215}, "max_life_prob": {"0": 0.026290165530671854, "1": 0.6666666666666667}}, "0.9": {"entropy": {"0": 6.626582190264585, "1": 1.377890331883215}, "max_life_prob": {"0": 0.026290165530671854, "1": 0.6666666666666667}}}