{"entropy": {"0": 6.8694096568413725, "1": 3.787776801167778}, "max_life_prob": {"0": 0.041676678333298287, "1": 0.22365460147349142}}