{"entropy": {"0": 6.869409655665264, "1": 3.7877768009754766}, "max_life_prob": {"0": 0.041676678333298287, "1": 0.22365460147349142}}