{"0.1": {"entropy": {"0": 6.988516238320542, "1": 2.1219280952116644}, "max_life_prob": {"0": 0.013713658804168936, "1": 0.4}}, "0.2": {"entropy": {"0": 6.927942227397929, "1": 1.973228516663179}, "max_life_prob": {"0": 0.017735737511084853, "1": 0.5263157894736842}}, "0.3": {"entropy": {"0": 6.959962453955231, "1": 2.0393538724965747}, "max_life_prob": {"0": 0.021784666945957272, "1": 0.4}}, "0.4": {"entropy": {"0": 6.9050668420720935, "1": 2.004285909276242}, "max_life_prob": {"0": 0.025686977299880603, "1": 0.31578947368421056}}, "0.5": {"entropy": {"0": 6.819831983929876, "1": 2.2214130667946375}, "max_life_prob": {"0": 0.03231151615575813, "1": 0.2857142857142857}}, "0.6": {"entropy": {"0": 6.816603538839341, "1": 1.8390343238798952}, "max_life_prob": {"0": 0.03321678321678318, "1": 0.40909090909090906}}, "0.7": {"entropy": {"0": 6.814659168002567, "1": 1.8982789226099366}, "max_life_prob": {"0": 0.03560209424083766, "1": 0.41666666666666663}}, "0.8": {"entropy": {"0": 6.814659168002567, "1": 1.8982789226099366}, "max_life_prob": {"0": 0.03560209424083766, "1": 0.41666666666666663}}, "0.9": {"entropy": {"0": 6.814659168002567, "1": 1.8982789226099366}, "max_life_prob": {"0": 0.03560209424083766, "1": 0.41666666666666663}}}