{"0.1": {"entropy": {"0": 6.988516236635129, "1": 2.1219280948873624}, "max_life_prob": {"0": 0.013713658804168936, "1": 0.4}}, "0.2": {"entropy": {"0": 6.927942225705679, "1": 1.9732285161344476}, "max_life_prob": {"0": 0.017735737511084853, "1": 0.5263157894736842}}, "0.3": {"entropy": {"0": 6.959962452269442, "1": 2.039353872167201}, "max_life_prob": {"0": 0.021784666945957272, "1": 0.4}}, "0.4": {"entropy": {"0": 6.905066840377906, "1": 2.0042859090703917}, "max_life_prob": {"0": 0.025686977299880603, "1": 0.31578947368421056}}, "0.5": {"entropy": {"0": 6.8198319822245566, "1": 2.2214130664659364}, "max_life_prob": {"0": 0.03231151615575813, "1": 0.2857142857142857}}, "0.6": {"entropy": {"0": 6.816603537134035, "1": 1.8390343235579993}, "max_life_prob": {"0": 0.03321678321678318, "1": 0.40909090909090906}}, "0.7": {"entropy": {"0": 6.814659166300031, "1": 1.898278922483087}, "max_life_prob": {"0": 0.03560209424083766, "1": 0.41666666666666663}}, "0.8": {"entropy": {"0": 6.814659166300031, "1": 1.898278922483087}, "max_life_prob": {"0": 0.03560209424083766, "1": 0.41666666666666663}}, "0.9": {"entropy": {"0": 6.814659166300031, "1": 1.898278922483087}, "max_life_prob": {"0": 0.03560209424083766, "1": 0.41666666666666663}}}