{"0.1": [[1, [126.22466722700749, 131.8518116230867]], [1, [24.0102461202557, 28.67614865739995]], [1, [52.03837469654903, 54.781251660422726]], [1, [38.68619049602662, 40.34864433679177]], [1, [38.55222663661495, 40.14791697733738]], [1, [26.819117821415503, 28.13932291820109]], [1, [46.07457894317565, 47.25666802077363]], [1, [116.88631199053464, 117.8109088115221]], [1, [27.403317081040136, 28.285450589644892]], [1, [132.5666486472092, 133.227686237623]], [1, [29.866907149234684, 30.504278979289637]], [1, [35.26137668465109, 35.824166310160464]], [1, [23.296768743527032, 23.801387276276778]], [1, [47.16628841713017, 47.452347822955524]], [1, [114.06646961111261, 114.28204663320827]], [1, [26.280161758383965, 26.481529948172966]], [1, [27.3709329415705, 27.57006216872955]]], "0.2": [[1, [144.9109487585419, 148.53053243295142]], [1, [33.10793419672882, 35.98304465917842]], [1, [56.05698675660699, 58.42998428109886]], [1, [34.977222511238395, 37.02171608646852]], [1, [49.844916668195765, 51.45321352249006]], [1, [151.97778060874936, 153.5667242855929]], [1, [65.44525884015356, 66.71306041320962]], [1, [154.27988266307815, 155.01661535152687]], [1, [31.984764781476034, 32.70393018679303]], [1, [48.35798298326804, 49.04853796974966]], [1, [141.120499736336, 141.4083312332044]], [1, [49.02917233425349, 49.28189278687033]], [1, [33.9417628781683, 34.14206307597136]], [1, [39.206587793027346, 39.406833319550195]], [1, [152.5679997083383, 152.75531130748578]], [1, [152.89185317236743, 152.92458460719146]], [1, [153.486857293637, 153.51380581386712]]], "0.3": [[1, [159.18823239195694, 164.00970752452264]], [1, [65.05446150078411, 68.32319118699496]], [1, [168.87670299910246, 171.76216176863036]], [1, [40.77763114073262, 43.22927051511323]], [1, [43.342717195763626, 45.454828034247555]], [1, [59.07757095395069, 60.00844721421133]], [1, [39.01258718037773, 39.910230340407395]], [1, [159.2656257116219, 160.09938725122487]], [1, [170.12273149289598, 170.94554252632253]], [1, [75.44383278600348, 76.00396911447277]], [1, [60.699606564114276, 61.111355751335886]], [1, [169.20958387273646, 169.41573624614074]], [1, [41.51449921623869, 41.69086009328697]], [1, [161.68620320461696, 161.82261413703375]], [1, [159.99857423806858, 160.06459158512928]]], "0.4": [[1, [170.1873696099085, 175.01131582237906]], [1, [180.11380694179778, 183.04490572840174]], [1, [73.30629484936937, 76.15335710133112]], [1, [47.11536767101052, 49.95266939646204]], [1, [50.5935709118902, 52.91202326414893]], [1, [172.0596901896139, 172.93622225418707]], [1, [181.9232230537122, 182.7645012663911]], [1, [46.75725843752551, 47.57510889881277]], [1, [172.52822005855975, 173.01881405520965]], [1, [68.56916684229049, 69.04513495819188]], [1, [48.70637757348336, 48.82652849306291]], [1, [169.96941061699596, 170.01092612581735]]], "0.5": [[1, [54.66690928536575, 57.86601676050636]], [1, [182.83767087511455, 185.69416455782218]], [1, [60.34772076108094, 62.20470125861218]], [1, [191.50041456398043, 193.28336352617993]], [1, [82.6015790089073, 84.37393145041045]], [1, [184.0308580425332, 185.13604263839198]], [1, [192.21649956051198, 193.0233424797242]], [1, [56.22067124562899, 56.75083868332361]], [1, [192.51382987562866, 192.70184405922078]], [1, [56.162120794289265, 56.297310834025666]], [1, [182.5882369991818, 182.61231785190245]]], "0.6": [[1, [72.1653266114344, 75.9827921724864]], [1, [94.21115604886191, 97.75261767702071]], [1, [200.65270761579882, 203.59174683527306]], [1, [193.62759865564774, 196.4574212398204]], [1, [75.59651054376246, 77.85030459887162]], [1, [102.14461631896069, 104.15631207875845]], [1, [202.26584328455954, 203.90155780957986]], [1, [195.1210108219828, 196.41998026843447]], [1, [72.29560134136835, 73.3325853796322]], [1, [91.80381179964006, 92.64583069483085]], [1, [93.58915643403496, 94.12383625215068]], [1, [202.8904123082899, 203.02758490619885]], [1, [73.70717763820241, 73.81467483164579]], [1, [195.5792171985349, 195.65600463255865]]], "0.7": [[1, [112.52265215201959, 117.38061909517378]], [1, [99.65434489291343, 104.32606811011595]], [1, [105.4994503992298, 109.99695249973882]], [1, [209.85205553498133, 214.03926804211184]], [1, [111.04843330407286, 114.56265702703314]], [1, [204.23224595365377, 206.99102102286133]], [1, [107.11529732482175, 109.27952000021806]], [1, [96.93986327904165, 98.96548004269121]], [1, [100.04032437789218, 101.55571505900292]], [1, [212.1464224975904, 213.4554244877765]], [1, [99.69925753565997, 100.93819025453743]], [1, [100.94688800863102, 102.00911808123229]], [1, [209.04593139819883, 210.09880749262038]], [1, [105.8708502038005, 106.87145597068954]], [1, [206.83419128086828, 207.72330389477509]], [1, [110.79094987658274, 111.60769329096149]], [1, [100.2579494384714, 101.02307743697264]], [1, [99.00208080276647, 99.39495491188922]], [1, [97.61684546454461, 97.89844393404788]], [1, [100.01952188983333, 100.2671310825119]], [1, [97.05907577642233, 97.21646387751626]], [1, [209.708947240881, 209.77170758183604]]], "0.8": [[1, [128.94167366016907, 134.44597572288282]], [1, [118.49062200140894, 123.49819471990797]], [1, [123.48566380875059, 128.274453146676]], [1, [223.83147332443974, 227.6842945567423]], [1, [219.3350780464511, 223.04154993849465]], [1, [128.64393157439045, 132.26948821721888]], [1, [123.65246322212302, 126.90145312974632]], [1, [116.65794024856662, 118.59184500537862]], [1, [127.28646123662246, 129.1363268810974]], [1, [118.77351579228994, 120.58018354862972]], [1, [223.0051805434388, 224.7755922915337]], [1, [118.59377831633473, 120.32016467163945]], [1, [118.53784438891665, 120.23714940102178]], [1, [123.4152021636391, 124.88528389436229]], [1, [222.39398291471434, 223.64886479227192]], [1, [225.78762982625116, 226.92208002247145]], [1, [119.25012570175971, 120.13793848708433]], [1, [116.24590394732033, 116.70945413348284]], [1, [223.1733954994736, 223.5306665445201]], [1, [115.45273431666367, 115.76681327118072]], [1, [118.8716522332571, 119.11748579107777]], [1, [223.85317054316553, 224.0877910904543]], [1, [117.72235444164579, 117.87084154782877]], [1, [117.16148151637786, 117.16720407660227]], [1, [217.59429165182848, 217.59838851926838]]], "0.9": [[1, [146.36648594158567, 151.3952663195927]], [1, [132.39729453728154, 137.14137321775885]], [1, [141.943111546206, 146.0854497493683]], [1, [241.29720562545793, 245.02840536462594]], [1, [145.09863753035125, 147.9268884373617]], [1, [241.98823672551737, 244.47701950602408]], [1, [141.03433121393243, 143.50449285461704]], [1, [133.71059034668343, 135.8403194562154]], [1, [241.65662884248246, 243.35814708387232]], [1, [147.60716915567397, 149.18722283440104]], [1, [241.13778573600848, 242.61603811496457]], [1, [141.4678137514942, 142.57663085358416]], [1, [133.88497378781162, 134.9797424776065]], [1, [243.61130264008926, 244.69746069557974]], [1, [134.53177524150894, 135.61379398283614]], [1, [135.31006089006738, 136.28114552509035]], [1, [131.23398817319332, 131.74611150466603]], [1, [131.90396365117982, 132.29702675718087]], [1, [135.36281708166362, 135.6855257136195]], [1, [241.93130859321803, 242.24013354991797]], [1, [241.3848570786334, 241.63473171215406]], [1, [130.9415330728622, 131.11329592983247]], [1, [133.35003981707015, 133.49129654589706]], [1, [141.93209360577399, 141.99621785993725]]],