{"0.1": {"entropy": {"0": 6.6750375809005575, "1": 3.1493702592025064}, "max_life_prob": {"0": 0.060707465335890394, "1": 0.2649641545524147}}, "0.2": {"entropy": {"0": 6.82963535656268, "1": 3.376523765309396}, "max_life_prob": {"0": 0.038862284131339575, "1": 0.19681741331852176}}, "0.3": {"entropy": {"0": 6.865352786749672, "1": 3.1513616775072606}, "max_life_prob": {"0": 0.03172420160820858, "1": 0.24273595807120818}}, "0.4": {"entropy": {"0": 6.871457843909039, "1": 2.9655002056493847}, "max_life_prob": {"0": 0.028618756486933326, "1": 0.25272356606216156}}, "0.5": {"entropy": {"0": 6.876857657262235, "1": 2.909072390625296}, "max_life_prob": {"0": 0.027577532622266896, "1": 0.22690960073854258}}, "0.6": {"entropy": {"0": 6.9457145455768865, "1": 3.273132414939661}, "max_life_prob": {"0": 0.025126189499473924, "1": 0.17012300990427734}}, "0.7": {"entropy": {"0": 7.004510029066437, "1": 3.890453587086068}, "max_life_prob": {"0": 0.023100075781583126, "1": 0.1258955585078417}}, "0.8": {"entropy": {"0": 6.9918978239139635, "1": 4.0606962135780185}, "max_life_prob": {"0": 0.023739139668918493, "1": 0.11717644905221179}}, "0.9": {"entropy": {"0": 6.9900943773438, "1": 3.9767392601128493}, "max_life_prob": {"0": 0.023856957979587357, "1": 0.12965680240500316}}, "0.95": {"entropy": {"0": 6.99331451740658, "1": 3.914928465814367}, "max_life_prob": {"0": 0.023498438576880686, "1": 0.14114314486832355}}, "0.99": {"entropy": {"0": 6.9944453227989385, "1": 3.775894725524149}, "max_life_prob": {"0": 0.023913056728180258, "1": 0.1540881624006105}}}