{"0.1": {"entropy": {"0": 6.718628538897884, "1": 3.423708694947531}, "max_life_prob": {"0": 0.059071042150054466, "1": 0.2357309715749215}}, "0.2": {"entropy": {"0": 6.858344897373236, "1": 3.4228700846370392}, "max_life_prob": {"0": 0.03807745794332317, "1": 0.19343887522664963}}, "0.3": {"entropy": {"0": 6.892507681765734, "1": 3.2386906320556568}, "max_life_prob": {"0": 0.031116566080530737, "1": 0.23426447499888878}}, "0.4": {"entropy": {"0": 6.898514194507311, "1": 3.0082201349642372}, "max_life_prob": {"0": 0.028085203928652717, "1": 0.24837854783411684}}, "0.5": {"entropy": {"0": 6.905626161064481, "1": 2.9391696974164416}, "max_life_prob": {"0": 0.027033763537696372, "1": 0.22438282979945542}}, "0.6": {"entropy": {"0": 6.973862226951859, "1": 3.3430284391532177}, "max_life_prob": {"0": 0.024595086842704214, "1": 0.16552263593538255}}, "0.7": {"entropy": {"0": 7.041390388766581, "1": 3.9387811574263454}, "max_life_prob": {"0": 0.022406724229515427, "1": 0.12308155949011047}}, "0.8": {"entropy": {"0": 7.029118257900261, "1": 4.064677150897655}, "max_life_prob": {"0": 0.0230331054074939, "1": 0.11700841722158235}}, "0.9": {"entropy": {"0": 7.024177078229614, "1": 4.033961330519609}, "max_life_prob": {"0": 0.02320620175119528, "1": 0.12625694910688548}}, "0.95": {"entropy": {"0": 7.025607327820628, "1": 3.9467694813948277}, "max_life_prob": {"0": 0.02288991912684704, "1": 0.13937929446886455}}, "0.99": {"entropy": {"0": 7.025534888237221, "1": 3.8435376712032774}, "max_life_prob": {"0": 0.023312592496583302, "1": 0.14965756315214815}}}