{"entropy": {"0": 6.698469432822629, "1": 2.828546074156967}, "max_life_prob": {"0": 0.027237815256977868, "1": 0.26999213895039914}}