{"entropy": {"0": 6.6984694318402225, "1": 2.8285460740856756}, "max_life_prob": {"0": 0.027237815256977868, "1": 0.26999213895039914}}