{"0.1": {"entropy": {"0": 6.655180716978748, "1": 4.3705168522781285e-10}, "max_life_prob": {"0": 0.014907806983130652, "1": 1.0}}, "0.2": {"entropy": {"0": 6.611060512003822, "1": 2.419381945773739}, "max_life_prob": {"0": 0.01579986833443055, "1": 0.3333333333333333}}, "0.3": {"entropy": {"0": 6.5802553257501275, "1": 1.5800972525727444e-10}, "max_life_prob": {"0": 0.01724137931034483, "1": 1.0}}, "0.4": {"entropy": {"0": 6.536012929444438, "1": 0.9999999999991146}, "max_life_prob": {"0": 0.023809523809523808, "1": 0.5}}, "0.5": {"entropy": {"0": 6.504414825134996, "1": 1.4488156358855617}, "max_life_prob": {"0": 0.029772329246935254, "1": 0.42857142857142855}}, "0.6": {"entropy": {"0": 6.520848831465004, "1": 1.5219280950873162}, "max_life_prob": {"0": 0.0316573556797021, "1": 0.4}}, "0.7": {"entropy": {"0": 6.515382375483151, "1": 1.9787286239592278e-10}, "max_life_prob": {"0": 0.03361344537815126, "1": 1.0}}, "0.8": {"entropy": {"0": 6.515382375483151, "1": 1.9787286239592278e-10}, "max_life_prob": {"0": 0.03361344537815126, "1": 1.0}}, "0.9": {"entropy": {"0": 6.515382375483151, "1": 1.9787286239592278e-10}, "max_life_prob": {"0": 0.03361344537815126, "1": 1.0}}}