{"entropy": {"0": 6.552631844648322, "1": 3.743853363086971}, "max_life_prob": {"0": 0.07485596784841181, "1": 0.20458772062142555}}