{"entropy": {"0": 6.552631845884987, "1": 3.7438533632896926}, "max_life_prob": {"0": 0.07485596784841181, "1": 0.20458772062142555}}