{"0.1": {"entropy": {"0": 6.658326968633337, "1": 1.2657077839066995}, "max_life_prob": {"0": 0.03298756173348805, "1": 0.7093938351444932}}, "0.2": {"entropy": {"0": 6.654813569128436, "1": 2.123967942750564}, "max_life_prob": {"0": 0.03783280965192155, "1": 0.5547320092820415}}, "0.3": {"entropy": {"0": 6.615117694740304, "1": 2.7125122624795712}, "max_life_prob": {"0": 0.036582524094040364, "1": 0.32465972910803065}}, "0.4": {"entropy": {"0": 6.582816985223138, "1": 3.0066300248621336}, "max_life_prob": {"0": 0.03495141522458479, "1": 0.20060443214579357}}, "0.5": {"entropy": {"0": 6.564044312187747, "1": 2.876038902429411}, "max_life_prob": {"0": 0.03836780568544428, "1": 0.2633963150813541}}, "0.6": {"entropy": {"0": 6.5624013067449, "1": 3.0328371683850786}, "max_life_prob": {"0": 0.04169204926983446, "1": 0.17321868005831928}}, "0.7": {"entropy": {"0": 6.573644153498721, "1": 3.0591368458658352}, "max_life_prob": {"0": 0.04365133522481717, "1": 0.1807771901505316}}, "0.8": {"entropy": {"0": 6.597565035937057, "1": 2.8594790953179268}, "max_life_prob": {"0": 0.04032959364534431, "1": 0.20006578083695314}}, "0.9": {"entropy": {"0": 6.623384153677256, "1": 2.7908237598234322}, "max_life_prob": {"0": 0.037657695560640816, "1": 0.22697244879355963}}, "0.95": {"entropy": {"0": 6.6345209394411695, "1": 2.7502962919464786}, "max_life_prob": {"0": 0.036566405585431054, "1": 0.24301799673456903}}, "0.99": {"entropy": {"0": 6.64239221949456, "1": 2.733018479685049}, "max_life_prob": {"0": 0.03581907498870764, "1": 0.2561566511982009}}}