{"0.1": {"entropy": {"0": 6.977176774206703, "1": 2.2516291673878226}, "max_life_prob": {"0": 0.025017018379850257, "1": 0.3333333333333333}}, "0.2": {"entropy": {"0": 6.886663183739991, "1": 2.320802083934297}, "max_life_prob": {"0": 0.03201970443349758, "1": 0.5}}, "0.3": {"entropy": {"0": 6.846497869501664, "1": 1.838839957715516}, "max_life_prob": {"0": 0.042417417417417475, "1": 0.4347826086956521}}, "0.4": {"entropy": {"0": 6.737304302375806, "1": 2.0936937531452875}, "max_life_prob": {"0": 0.05295950155763238, "1": 0.375}}, "0.5": {"entropy": {"0": 6.54195406322481, "1": 2.0206887399951703}, "max_life_prob": {"0": 0.06756756756756764, "1": 0.34375}}, "0.6": {"entropy": {"0": 6.519148671677955, "1": 2.046835161999132}, "max_life_prob": {"0": 0.07057163020465784, "1": 0.3846153846153846}}, "0.7": {"entropy": {"0": 6.458089977662067, "1": 1.9511894468399487}, "max_life_prob": {"0": 0.08305647840531577, "1": 0.4}}, "0.8": {"entropy": {"0": 6.458089977662067, "1": 1.9511894468399487}, "max_life_prob": {"0": 0.08305647840531577, "1": 0.4}}, "0.9": {"entropy": {"0": 6.458089977662067, "1": 1.9511894468399487}, "max_life_prob": {"0": 0.08305647840531577, "1": 0.4}}}