{"0.1": {"entropy": {"0": 6.97717677580933, "1": 2.251629168070209}, "max_life_prob": {"0": 0.025017018379850257, "1": 0.3333333333333333}}, "0.2": {"entropy": {"0": 6.88666318535249, "1": 2.3208020843101282}, "max_life_prob": {"0": 0.03201970443349758, "1": 0.5}}, "0.3": {"entropy": {"0": 6.846497871114896, "1": 1.838839958006552}, "max_life_prob": {"0": 0.042417417417417475, "1": 0.4347826086956521}}, "0.4": {"entropy": {"0": 6.737304304001918, "1": 2.0936937534747475}, "max_life_prob": {"0": 0.05295950155763238, "1": 0.375}}, "0.5": {"entropy": {"0": 6.541954064876024, "1": 2.020688740360512}, "max_life_prob": {"0": 0.06756756756756764, "1": 0.34375}}, "0.6": {"entropy": {"0": 6.519148673330155, "1": 2.0468351622445233}, "max_life_prob": {"0": 0.07057163020465784, "1": 0.3846153846153846}}, "0.7": {"entropy": {"0": 6.458089979311868, "1": 1.9511894470860562}, "max_life_prob": {"0": 0.08305647840531577, "1": 0.4}}, "0.8": {"entropy": {"0": 6.458089979311868, "1": 1.9511894470860562}, "max_life_prob": {"0": 0.08305647840531577, "1": 0.4}}, "0.9": {"entropy": {"0": 6.458089979311868, "1": 1.9511894470860562}, "max_life_prob": {"0": 0.08305647840531577, "1": 0.4}}}