{"entropy": {"0": 6.710915688630882, "1": 2.8969265929419663}, "max_life_prob": {"0": 0.029008258404627472, "1": 0.2301028477645286}}