{"entropy": {"0": 6.710915689614669, "1": 2.8969265930355936}, "max_life_prob": {"0": 0.029008258404627472, "1": 0.2301028477645286}}