{"0.1": {"entropy": {"0": 6.469093343715139, "1": 1.997475642709865}, "max_life_prob": {"0": 0.08086245961902656, "1": 0.4123638136745875}}, "0.2": {"entropy": {"0": 6.48007288389845, "1": 1.9975221317800322}, "max_life_prob": {"0": 0.08078002185721805, "1": 0.5161388784715323}}, "0.3": {"entropy": {"0": 6.474018808339732, "1": 2.8100462592975894}, "max_life_prob": {"0": 0.08137624522791863, "1": 0.2477773554537231}}, "0.4": {"entropy": {"0": 6.470304595964761, "1": 2.2859482786512633}, "max_life_prob": {"0": 0.07503596466085272, "1": 0.4002259479642922}}, "0.5": {"entropy": {"0": 6.4371009477476555, "1": 2.904369425330224}, "max_life_prob": {"0": 0.07333020366072998, "1": 0.24491613768561754}}, "0.6": {"entropy": {"0": 6.465907438749259, "1": 2.8518467486523376}, "max_life_prob": {"0": 0.0627340070284793, "1": 0.2884250065700772}}, "0.7": {"entropy": {"0": 6.465060540085659, "1": 2.9833553964292574}, "max_life_prob": {"0": 0.053393507719654884, "1": 0.2011194974279081}}, "0.8": {"entropy": {"0": 6.4510509267444816, "1": 2.210061124587925}, "max_life_prob": {"0": 0.046050110408435256, "1": 0.394466834313962}}, "0.9": {"entropy": {"0": 6.4103454661797965, "1": 1.7471542451408326}, "max_life_prob": {"0": 0.0473899703388965, "1": 0.46874613881370714}}, "0.95": {"entropy": {"0": 6.3989553762655556, "1": 1.7665700279539378}, "max_life_prob": {"0": 0.0483642489921178, "1": 0.36141126259209927}}, "0.99": {"entropy": {"0": 6.387843811537729, "1": 1.5898090064720756}, "max_life_prob": {"0": 0.05010310693013426, "1": 0.4443559235173943}}}